{
  "n_train_events": 522,
  "n_test_events": 228,
  "seed": 42,
  "axes": {
    "valence": {
      "baseline": {
        "bias": 0.20027631578947372,
        "bias_ci_lo": 0.15220888157894738,
        "bias_ci_hi": 0.2491323464912281,
        "mae": 0.3062324561403509,
        "pearson_r": 0.8073924934802854,
        "sign_acc": 0.8464912280701754
      },
      "M0": {
        "bias": 0.20027631578947372,
        "bias_ci_lo": 0.15220888157894738,
        "bias_ci_hi": 0.2491323464912281,
        "mae": 0.3062324561403509,
        "pearson_r": 0.8073924934802854,
        "sign_acc": 0.8464912280701754
      },
      "M1": {
        "bias": 0.07150915762617006,
        "bias_ci_lo": 0.021530568605224495,
        "bias_ci_hi": 0.12108868976420131,
        "mae": 0.2981087840387023,
        "pearson_r": 0.7893396844956966,
        "sign_acc": 0.8421052631578947
      },
      "M2": {
        "bias": 0.020459999915543745,
        "bias_ci_lo": -0.027882630072335074,
        "bias_ci_hi": 0.06892751433059519,
        "mae": 0.2795314079304934,
        "pearson_r": 0.8084358045860015,
        "sign_acc": 0.8464912280701754
      }
    },
    "arousal": {
      "baseline": {
        "bias": -0.14410087719298248,
        "bias_ci_lo": -0.1652025219298246,
        "bias_ci_hi": -0.12217905701754386,
        "mae": 0.181609649122807,
        "pearson_r": 0.466136559806365
      },
      "M0": {
        "bias": -0.019403559185319635,
        "bias_ci_lo": -0.04050520392216173,
        "bias_ci_hi": 0.0025182609901189417,
        "mae": 0.1317765510519594,
        "pearson_r": 0.466136559806365
      },
      "M1": {
        "bias": -0.02319994284826005,
        "bias_ci_lo": -0.042465932955888616,
        "bias_ci_hi": -0.0036897953971327955,
        "mae": 0.11768705244403128,
        "pearson_r": 0.45416599794902485
      },
      "M2": {
        "bias": -0.0178762685616703,
        "bias_ci_lo": -0.03613287286412408,
        "bias_ci_hi": 0.0009910754486933814,
        "mae": 0.11089182257257085,
        "pearson_r": 0.520220630589204
      }
    }
  },
  "m1_coefficients": {
    "valence": {
      "goal_relevance": 0.47368540163896544,
      "norm_congruence": -0.0994879389711685,
      "coping_signed": 0.4047544128122287,
      "novelty": -0.10231702460928899,
      "intercept": 0.0
    },
    "arousal": {
      "abs_novelty": 0.08085335905295664,
      "one_minus_coping": 0.19982123287357023,
      "self_relevance": 0.13568016330704089,
      "intercept": 0.40700780951393156
    }
  },
  "cv_m1": {
    "metrics": {
      "valence_bias": {
        "mean": 0.06740235084421778,
        "sd": 0.04630249578861321
      },
      "valence_mae": {
        "mean": 0.2607511020032358,
        "sd": 0.011916105229300462
      },
      "valence_r": {
        "mean": 0.8264573116935644,
        "sd": 0.02643427926474245
      },
      "arousal_bias": {
        "mean": 5.4968022044286914e-05,
        "sd": 0.028883910592274787
      },
      "arousal_mae": {
        "mean": 0.1193050342626629,
        "sd": 0.009722868280184328
      },
      "arousal_r": {
        "mean": 0.3930552931188812,
        "sd": 0.041076164873237606
      }
    },
    "coef_sd_valence": [
      0.028457711552700205,
      0.019506351196278453,
      0.030047830387285188,
      0.017043374363895972
    ],
    "coef_sd_arousal": [
      0.01183646655142223,
      0.006646037742138145,
      0.025601620059940464,
      0.017460143188602797
    ]
  }
}
