{
  "benchmark": "addendum_x_madialbench",
  "pre_registration": "benchmarks/preregistration_addendum_x_madialbench_third_party.md",
  "dry_run": true,
  "n_queries": 10,
  "n_memories": 160,
  "embedder": "bge-small-en-v1.5",
  "n_bootstrap": 10000,
  "seed": 0,
  "arms": {
    "naive_cosine": {
      "map@1": 0.1,
      "map@3": 0.05,
      "map@5": 0.034,
      "map@10": 0.037333333333333336,
      "mrr@1": 0.1,
      "mrr@3": 0.15,
      "mrr@5": 0.16999999999999998,
      "mrr@10": 0.18666666666666668,
      "ndcg@1": 0.1,
      "ndcg@3": 0.16309297535714576,
      "ndcg@5": 0.20177825608059993,
      "ndcg@10": 0.23739897479140212,
      "recall@1": 0.02,
      "recall@3": 0.04,
      "recall@5": 0.06000000000000001,
      "recall@10": 0.08,
      "precision@1": 0.1,
      "precision@3": 0.06666666666666667,
      "precision@5": 0.06000000000000001,
      "precision@10": 0.04
    },
    "aft_query_appraised": {
      "map@1": 0.0,
      "map@3": 0.01111111111111111,
      "map@5": 0.023666666666666666,
      "map@10": 0.034499999999999996,
      "mrr@1": 0.0,
      "mrr@3": 0.03333333333333333,
      "mrr@5": 0.07833333333333334,
      "mrr@10": 0.095,
      "ndcg@1": 0.0,
      "ndcg@3": 0.05,
      "ndcg@5": 0.13881186425764286,
      "ndcg@10": 0.17747500888633966,
      "recall@1": 0.0,
      "recall@3": 0.02,
      "recall@5": 0.08,
      "recall@10": 0.12,
      "precision@1": 0.0,
      "precision@3": 0.03333333333333333,
      "precision@5": 0.08,
      "precision@10": 0.06
    }
  },
  "hx1": {
    "metric": "ndcg@5",
    "delta": -0.06296639182295705,
    "ci_lower": -0.20461453935962792,
    "ci_upper": 0.07737056144690832,
    "p_bootstrap_onetail": 0.79745,
    "cohens_d": -0.2605714355574993,
    "n": 10,
    "sd_paired_diff": 0.24164733056115237,
    "mde_80pct_power": 0.19004558602661922,
    "pass": false
  },
  "secondary_contrasts": {
    "map@1": {
      "delta": -0.1,
      "ci_lower": -0.3,
      "ci_upper": 0.0,
      "p_bootstrap_onetail": 0.6977,
      "cohens_d": -0.31622776601683794,
      "n": 10,
      "sd_paired_diff": 0.31622776601683794,
      "mde_80pct_power": 0.24870000000000003
    },
    "map@10": {
      "delta": -0.002833333333333336,
      "ci_lower": -0.014666666666666666,
      "ci_upper": 0.009166666666666665,
      "p_bootstrap_onetail": 0.659,
      "cohens_d": -0.1376820405491393,
      "n": 10,
      "sd_paired_diff": 0.020578815668570134,
      "mde_80pct_power": 0.01618438355758071
    },
    "map@3": {
      "delta": -0.03888888888888888,
      "ci_lower": -0.10555555555555556,
      "ci_upper": 0.0,
      "p_bootstrap_onetail": 0.89275,
      "cohens_d": -0.370652367549559,
      "n": 10,
      "sd_paired_diff": 0.104920114623817,
      "mde_80pct_power": 0.08251531114935019
    },
    "map@5": {
      "delta": -0.010333333333333335,
      "ci_lower": -0.02833333333333334,
      "ci_upper": 0.008,
      "p_bootstrap_onetail": 0.8522000000000001,
      "cohens_d": -0.3435267713766665,
      "n": 10,
      "sd_paired_diff": 0.03008013987359126,
      "mde_80pct_power": 0.02365678030361134
    },
    "mrr@1": {
      "delta": -0.1,
      "ci_lower": -0.3,
      "ci_upper": 0.0,
      "p_bootstrap_onetail": 0.6977,
      "cohens_d": -0.31622776601683794,
      "n": 10,
      "sd_paired_diff": 0.31622776601683794,
      "mde_80pct_power": 0.24870000000000003
    },
    "mrr@10": {
      "delta": -0.09166666666666667,
      "ci_lower": -0.25833333333333336,
      "ci_upper": 0.030083333333332126,
      "p_bootstrap_onetail": 0.8833,
      "cohens_d": -0.36261546887318435,
      "n": 10,
      "sd_paired_diff": 0.252793039832299,
      "mde_80pct_power": 0.19881122330967352
    },
    "mrr@3": {
      "delta": -0.11666666666666667,
      "ci_lower": -0.3166666666666667,
      "ci_upper": 0.0,
      "p_bootstrap_onetail": 0.89515,
      "cohens_d": -0.37065236754955916,
      "n": 10,
      "sd_paired_diff": 0.31476034387145096,
      "mde_80pct_power": 0.24754593344805054
    },
    "mrr@5": {
      "delta": -0.09166666666666667,
      "ci_lower": -0.26166666666666666,
      "ci_upper": 0.04,
      "p_bootstrap_onetail": 0.87005,
      "cohens_d": -0.35916273164658663,
      "n": 10,
      "sd_paired_diff": 0.2552232138518926,
      "mde_80pct_power": 0.2007224542122779
    },
    "ndcg@1": {
      "delta": -0.1,
      "ci_lower": -0.3,
      "ci_upper": 0.0,
      "p_bootstrap_onetail": 0.6977,
      "cohens_d": -0.31622776601683794,
      "n": 10,
      "sd_paired_diff": 0.31622776601683794,
      "mde_80pct_power": 0.24870000000000003
    },
    "ndcg@10": {
      "delta": -0.05992396590506248,
      "ci_lower": -0.194866801608422,
      "ci_upper": 0.07737056144690832,
      "p_bootstrap_onetail": 0.80675,
      "cohens_d": -0.26001365296601225,
      "n": 10,
      "sd_paired_diff": 0.23046468991724622,
      "mde_80pct_power": 0.1812509037532373
    },
    "ndcg@3": {
      "delta": -0.11309297535714576,
      "ci_lower": -0.31309297535714575,
      "ci_upper": 0.0,
      "p_bootstrap_onetail": 0.89275,
      "cohens_d": -0.35978810935499855,
      "n": 10,
      "sd_paired_diff": 0.3143321650064825,
      "mde_80pct_power": 0.247209188559836
    },
    "ndcg@5": {
      "delta": -0.06296639182295705,
      "ci_lower": -0.20461453935962792,
      "ci_upper": 0.07737056144690832,
      "p_bootstrap_onetail": 0.79745,
      "cohens_d": -0.2605714355574993,
      "n": 10,
      "sd_paired_diff": 0.24164733056115237,
      "mde_80pct_power": 0.19004558602661922
    },
    "precision@1": {
      "delta": -0.1,
      "ci_lower": -0.3,
      "ci_upper": 0.0,
      "p_bootstrap_onetail": 0.6977,
      "cohens_d": -0.31622776601683794,
      "n": 10,
      "sd_paired_diff": 0.31622776601683794,
      "mde_80pct_power": 0.24870000000000003
    },
    "precision@10": {
      "delta": 0.019999999999999997,
      "ci_lower": -0.02,
      "ci_upper": 0.06999999999999999,
      "p_bootstrap_onetail": 0.26325,
      "cohens_d": 0.25354627641855493,
      "n": 10,
      "sd_paired_diff": 0.07888106377466154,
      "mde_80pct_power": 0.06203667947271195
    },
    "precision@3": {
      "delta": -0.03333333333333333,
      "ci_lower": -0.1,
      "ci_upper": 0.0,
      "p_bootstrap_onetail": 0.6977,
      "cohens_d": -0.316227766016838,
      "n": 10,
      "sd_paired_diff": 0.10540925533894598,
      "mde_80pct_power": 0.08289999999999999
    },
    "precision@5": {
      "delta": 0.02,
      "ci_lower": -0.04,
      "ci_upper": 0.08,
      "p_bootstrap_onetail": 0.381,
      "cohens_d": 0.17616606585441105,
      "n": 10,
      "sd_paired_diff": 0.11352924243950935,
      "mde_80pct_power": 0.08928603250229007
    },
    "recall@1": {
      "delta": -0.02,
      "ci_lower": -0.06000000000000001,
      "ci_upper": 0.0,
      "p_bootstrap_onetail": 0.6977,
      "cohens_d": -0.31622776601683794,
      "n": 10,
      "sd_paired_diff": 0.06324555320336758,
      "mde_80pct_power": 0.04974
    },
    "recall@10": {
      "delta": 0.039999999999999994,
      "ci_lower": -0.04,
      "ci_upper": 0.13999999999999999,
      "p_bootstrap_onetail": 0.26325,
      "cohens_d": 0.25354627641855493,
      "n": 10,
      "sd_paired_diff": 0.1577621275493231,
      "mde_80pct_power": 0.1240733589454239
    },
    "recall@3": {
      "delta": -0.02,
      "ci_lower": -0.06000000000000001,
      "ci_upper": 0.0,
      "p_bootstrap_onetail": 0.6977,
      "cohens_d": -0.31622776601683794,
      "n": 10,
      "sd_paired_diff": 0.06324555320336758,
      "mde_80pct_power": 0.04974
    },
    "recall@5": {
      "delta": 0.02,
      "ci_lower": -0.04,
      "ci_upper": 0.08,
      "p_bootstrap_onetail": 0.381,
      "cohens_d": 0.17616606585441105,
      "n": 10,
      "sd_paired_diff": 0.11352924243950935,
      "mde_80pct_power": 0.08928603250229007
    }
  },
  "diagnostic_d1": {
    "auc_happy_vs_negative": 0.5159553250897487,
    "n_happy": 109,
    "n_negative": 46,
    "mean_valence_happy": 0.04917532110091743,